{
  "Homepage" : {
    "transaction" : "Homepage",
    "sampleCount" : 20,
    "errorCount" : 8,
    "errorPct" : 40.0,
    "meanResTime" : 3412.5,
    "medianResTime" : 3631.0,
    "minResTime" : 1862.0,
    "maxResTime" : 4557.0,
    "pct1ResTime" : 4399.3,
    "pct2ResTime" : 4549.3,
    "pct3ResTime" : 4557.0,
    "throughput" : 1.437297879985627,
    "receivedKBytesPerSec" : 294.3024613726195,
    "sentKBytesPerSec" : 0.17404779015450952
  },
  "career" : {
    "transaction" : "career",
    "sampleCount" : 20,
    "errorCount" : 1,
    "errorPct" : 5.0,
    "meanResTime" : 2756.05,
    "medianResTime" : 2817.5,
    "minResTime" : 1381.0,
    "maxResTime" : 4069.0,
    "pct1ResTime" : 3920.0,
    "pct2ResTime" : 4061.9,
    "pct3ResTime" : 4069.0,
    "throughput" : 1.4478065730418417,
    "receivedKBytesPerSec" : 236.18878775608079,
    "sentKBytesPerSec" : 0.3082244462139858
  },
  "Total" : {
    "transaction" : "Total",
    "sampleCount" : 60,
    "errorCount" : 9,
    "errorPct" : 15.0,
    "meanResTime" : 3051.4,
    "medianResTime" : 3060.5,
    "minResTime" : 1376.0,
    "maxResTime" : 4557.0,
    "pct1ResTime" : 4244.099999999999,
    "pct2ResTime" : 4364.849999999999,
    "pct3ResTime" : 4557.0,
    "throughput" : 3.369272237196766,
    "receivedKBytesPerSec" : 585.0932625961647,
    "sentKBytesPerSec" : 0.6163837881850853
  },
  "about" : {
    "transaction" : "about",
    "sampleCount" : 20,
    "errorCount" : 0,
    "errorPct" : 0.0,
    "meanResTime" : 2985.6500000000005,
    "medianResTime" : 3017.5,
    "minResTime" : 1376.0,
    "maxResTime" : 3897.0,
    "pct1ResTime" : 3808.9,
    "pct2ResTime" : 3892.7999999999997,
    "pct3ResTime" : 3897.0,
    "throughput" : 1.4483307987544354,
    "receivedKBytesPerSec" : 221.6967308458252,
    "sentKBytesPerSec" : 0.31116482004489826
  }
}